level,question,answer,wrong1,wrong2,wrong3,explanation,hint
1,What do plants need to grow?,Water and light,Only sand,Chocolate,Darkness,Plants also need a suitable temperature to grow well.,
1,Which of these animals is a mammal?,Cow,Frog,Snake,Goldfish,Mammals have hair or fur and feed their babies milk.,
1,Which material can you see through?,Glass,Wood,Brick,Metal,Materials you can see through are called transparent.,
1,Which season has the longest days?,Summer,Winter,Autumn,Spring,"In the UK, summer days can have over 16 hours of daylight!",
1,What do we call animals that eat only meat?,Carnivores,Herbivores,Omnivores,Vegetables,Lions and sharks are carnivores.,
1,Which material is best for a raincoat?,Plastic,Paper,Cotton wool,Cardboard,"Plastic is waterproof, so it keeps the rain out.",
1,Which of these animals is an amphibian?,Frog,Dog,Eagle,Shark,Amphibians live both in water and on land.,
1,Which sense do you use your ears for?,Hearing,Sight,Taste,Smell,"We have five senses: sight, hearing, touch, taste and smell.",
1,Which of these is a living thing?,Tree,Rock,Cup,Car,"Living things grow, need food and water, and have babies.",
1,Which material is bendy and stretchy?,Rubber,Glass,Stone,Wood,Rubber is used for elastic bands and bouncy balls.,
1,Trees that lose their leaves in autumn are called…,deciduous,evergreen,tropical,plastic,"Evergreen trees, like pine trees, keep their leaves all year.",
1,Which covering do only birds have?,Feathers,Scales,Fur,Shells,Feathers keep birds warm and help them fly.,
1,Put the life cycle in order. What comes first?,Egg,Chick,Hen,Nest,"Egg → chick → hen, and then the hen lays more eggs!",
1,Which of these is the healthiest snack?,An apple,Sweets,Crisps,Fizzy drink,Try to eat at least 5 portions of fruit and vegetables a day.,
1,What do we call a baby cat?,Kitten,Puppy,Calf,Foal,A baby horse is a foal and a baby cow is a calf.,
1,Which part of a plant takes in water from the soil?,Roots,Petals,Flowers,Leaves,Roots also hold the plant firmly in the ground.,
2,What does our skeleton NOT do?,Digest food,Support our body,Protect organs,Help us move,Our stomach and intestines digest food.,
2,Which type of rock forms when lava cools?,Igneous,Sedimentary,Metamorphic,Chalk,Granite and basalt are igneous rocks.,
2,What is a fossil?,The remains of an ancient living thing preserved in rock,A shiny crystal,A type of volcano,A new plant,Mary Anning found amazing fossils on the Dorset coast.,
2,Which of these is a light source?,The Sun,The Moon,A mirror,A window,The Moon only reflects light from the Sun.,
2,How is a shadow made?,An object blocks light,Light bounces off water,Dark gets stronger,The Sun goes out,Shadows are the same shape as the object blocking the light.,
2,What happens when two north poles of magnets meet?,They push apart (repel),They stick together,They get hot,Nothing,Like poles repel; opposite poles attract.,
2,Which material is a good electrical conductor?,Copper,Plastic,Wood,Rubber,"Wires are made of copper, covered in plastic to keep us safe.",
2,What happens if there is a gap in a circuit?,The bulb goes out,The bulb gets brighter,The battery grows,Nothing changes,Electricity needs a complete loop to flow.,
2,"When water is heated and turns into a gas, what is this called?",Evaporation,Freezing,Melting,Condensation,Condensation is the opposite: a gas turning back into a liquid.,
2,How does sound travel?,As vibrations,As light,As magnets,As colours,Sounds get quieter as they travel further from the source.,
2,Which teeth are pointy and good for tearing?,Canines,Molars,Incisors,Wisdom teeth,"Incisors cut, canines tear and molars grind.",
2,Which tube carries food from your mouth to your stomach?,Oesophagus,Windpipe,Artery,Spine,Food then moves to the small intestine.,
2,"In a food chain, what usually comes first?",A plant,A lion,A fox,A hawk,Plants are producers: they make their own food using sunlight.,
2,What is a vertebrate?,An animal with a backbone,An animal with no legs,A type of plant,An animal that lives in water,"Fish, amphibians, reptiles, birds and mammals are vertebrates.",
2,At what temperature does water freeze?,0°C,100°C,10°C,50°C,Water boils at 100°C.,
2,Which of these is a solid?,Ice,Steam,Milk,Air,Solids keep their shape; liquids and gases don’t.,
2,Which organ is part of the digestive system?,Stomach,Lungs,Brain,Heart,The stomach mixes food with acid to break it down.,
3,What causes day and night?,The Earth spinning on its axis,The Sun moving around the Earth,The Moon blocking the Sun,Clouds,The Earth spins once every 24 hours.,
3,How long does the Earth take to orbit the Sun?,About 365 days,24 hours,28 days,10 years,That’s why a year has 365 days (366 in a leap year).,
3,What force pulls objects towards the Earth?,Gravity,Friction,Magnetism,Air resistance,Isaac Newton described gravity after thinking about a falling apple.,
3,Which force slows down a parachute?,Air resistance,Gravity,Magnetism,Upthrust from the ground,A bigger surface area means more air resistance.,
3,Which is a reversible change?,Melting ice,Burning wood,Baking a cake,Frying an egg,Melted ice can be frozen back again.,
3,How could you separate sand from water?,Filtering,Using a magnet,Stirring,Freezing,The filter paper lets water through but traps the sand.,
3,"When salt disappears in water, it has…",dissolved,melted,evaporated,vanished forever,You can get the salt back by evaporating the water.,
3,Which blood vessels carry blood away from the heart?,Arteries,Veins,Capillaries,Nerves,Veins carry blood back to the heart.,
3,How many chambers does the human heart have?,4,2,3,6,Two atria and two ventricles.,
3,Which scientist is famous for the theory of evolution?,Charles Darwin,Isaac Newton,Marie Curie,Albert Einstein,Darwin studied finches on the Galápagos Islands.,
3,Animals without a backbone are called…,invertebrates,mammals,vertebrates,reptiles,"Insects, spiders, worms and jellyfish are invertebrates.",
3,How does light travel?,In straight lines,In circles,In zigzags,Only downwards,That’s why shadows have sharp edges.,
3,How do we see objects?,Light reflects off them into our eyes,Our eyes shoot out light,Objects make sound,We feel them,"Light travels from a source, bounces off objects and enters our eyes.",
3,What happens to a bulb if you add more batteries (cells) to the circuit?,It gets brighter,It gets dimmer,It changes colour,Nothing,More cells means more voltage pushing the current round.,
3,Which simple machine is a see-saw?,A lever,A pulley,A gear,A spring,Levers help us lift heavy things with less force.,
3,Which gas do plants give out during photosynthesis?,Oxygen,Carbon dioxide,Helium,Nitrogen,Plants take in carbon dioxide and give out oxygen.,
3,Why do offspring look similar to their parents?,They inherit characteristics,They copy them,They eat the same food,They live in the same house,Characteristics are passed on through genes.,
3,Which planet is the largest in our Solar System?,Jupiter,Saturn,Earth,Neptune,"Jupiter is a gas giant, mostly made of hydrogen and helium.",
4,What is the basic unit of all living things?,The cell,The atom,The organ,The tissue,Your body is made of about 30 trillion cells!,
4,Which part of a cell contains genetic material?,Nucleus,Cell membrane,Cytoplasm,Cell wall,The nucleus controls the cell’s activities.,
4,Where does photosynthesis happen in a plant cell?,Chloroplasts,Mitochondria,Nucleus,Vacuole,Chloroplasts contain green chlorophyll that absorbs light.,
4,What are the products of photosynthesis?,Glucose and oxygen,Carbon dioxide and water,Oxygen and nitrogen,Salt and water,Carbon dioxide + water → glucose + oxygen (using light energy).,
4,What are the products of aerobic respiration?,Carbon dioxide and water,Glucose and oxygen,Lactic acid only,Nitrogen,"Glucose + oxygen → carbon dioxide + water, releasing energy.",
4,What is the chemical symbol for gold?,Au,Go,Gd,Ag,It comes from the Latin word “aurum”. Ag is silver.,
4,What is the chemical symbol for sodium?,Na,So,Sd,S,From the Latin “natrium”. S is sulfur.,
4,What is the pH of a neutral solution?,7,0,14,1,"Below 7 is acidic, above 7 is alkaline.",
4,An acid reacts with an alkali to make a salt and…,water,oxygen,hydrogen,carbon dioxide,This is called neutralisation.,
4,How do you calculate speed?,Distance ÷ time,Time ÷ distance,Distance × time,Mass × time,A car travelling 100 km in 2 hours has a speed of 50 km/h.,
4,What is the unit of force?,Newton (N),Joule (J),Watt (W),Metre (m),Named after Sir Isaac Newton.,
4,What is the unit of energy?,Joule (J),Newton (N),Volt (V),Kilogram (kg),Food labels show energy in kilojoules (kJ).,
4,Which gas makes up most of the air?,Nitrogen,Oxygen,Carbon dioxide,Argon,Air is about 78% nitrogen and 21% oxygen.,
4,How many atoms are in one molecule of H₂O?,3,2,1,4,Two hydrogen atoms and one oxygen atom.,
4,Why can’t sound travel through space?,Space is a vacuum with no particles,It is too cold,It is too dark,Stars absorb it,Sound needs particles to vibrate.,
4,Which part of a plant cell is made of cellulose?,Cell wall,Nucleus,Cytoplasm,Mitochondria,The cell wall supports and strengthens the cell.,
4,The columns of the periodic table are called…,groups,periods,rows,families of atoms,Elements in the same group react in similar ways.,
4,What forms when a metal reacts with oxygen?,A metal oxide,A metal chloride,Water,A salt and hydrogen,Magnesium + oxygen → magnesium oxide.,
5,Which type of cell division makes two identical cells?,Mitosis,Meiosis,Fertilisation,Osmosis,Mitosis is used for growth and repair.,
5,Which type of cell division produces gametes?,Meiosis,Mitosis,Diffusion,Respiration,Meiosis makes four genetically different cells with half the chromosomes.,
5,What shape is a DNA molecule?,A double helix,A single circle,A cube,A straight line,"Its structure was described by Watson and Crick, using Rosalind Franklin’s X-ray images.",
5,What are enzymes?,Biological catalysts,Types of fat,Blood cells,Hormones from the brain,Enzymes speed up reactions and are made of protein.,
5,"Which equation links potential difference, current and resistance?",V = I × R,V = I ÷ R,P = I × t,F = m × a,Ohm’s law: potential difference = current × resistance.,
5,Newton’s second law is written as…,F = m × a,E = mc²,V = I × R,P = m × v,Force = mass × acceleration.,
5,What are the elements in Group 1 of the periodic table called?,Alkali metals,Halogens,Noble gases,Transition metals,"They react vigorously with water, and get more reactive down the group.",
5,Why are noble gases unreactive?,They have a full outer shell of electrons,They are very heavy,They are cold,They have no protons,"Helium, neon and argon are noble gases.",
5,Ionic bonding happens between…,a metal and a non-metal,two non-metals,two noble gases,two metals only,"Electrons are transferred, forming oppositely charged ions.",
5,"In a covalent bond, atoms…",share a pair of electrons,swap protons,lose all electrons,share neutrons,Water and carbon dioxide have covalent bonds.,
5,What is the half-life of a radioactive isotope?,The time for half the unstable nuclei to decay,Half the time it exists,The time to become safe,Half its mass,"Carbon-14 has a half-life of about 5,700 years.",
5,Which of these is a longitudinal wave?,Sound,Light,Radio,Ripples on water,"In longitudinal waves, vibrations are parallel to the direction of travel.",
5,What is the speed of light in a vacuum?,"About 300,000,000 m/s",About 340 m/s,"About 3,000 m/s","About 1,000,000 km/s",340 m/s is roughly the speed of sound in air.,
5,Which organ produces insulin?,Pancreas,Liver,Kidney,Stomach,Insulin lowers blood glucose levels.,
5,The mass number of an atom is the number of…,protons + neutrons,protons only,electrons + protons,neutrons only,The atomic number is the number of protons.,
5,"What is the relative formula mass of CO₂? (C = 12, O = 16)",44,28,32,40,12 + 16 + 16 = 44.,
5,Which equation gives kinetic energy?,½ × m × v²,m × g × h,m × v,F × d,m × g × h is gravitational potential energy.,
5,What does homeostasis mean?,Keeping internal conditions constant,Growing new cells,Making hormones,Fighting disease,Body temperature and blood glucose are kept stable.,
